date,actual_yield_percent,actual_change_bps,fixed_AR2_mean_forecast_change_bps,realized_innovation_bps,realized_abs_innovation_bps,realized_squared_innovation_bps2,ARCH(7) variance forecast,ARCH(7) sigma forecast,"GARCH(1,1) variance forecast","GARCH(1,1) sigma forecast","EGARCH(1,1,1) variance forecast","EGARCH(1,1,1) sigma forecast","GJR-GARCH(1,1,1) variance forecast","GJR-GARCH(1,1,1) sigma forecast","TARCH(1,1,1) variance forecast","TARCH(1,1,1) sigma forecast"
2022-09-23,3.8426,29.099999999999994,-0.6458803208361443,29.74588032083614,29.74588032083614,884.8173960615068,57.74957671577395,7.599314226676901,66.98677551964013,8.184544918298155,78.26450601707218,8.846722897043412,77.24716645915267,8.78903671963843,79.41623816476587,8.91157888170025
2022-09-26,4.1817,33.91000000000002,-0.4125168987223613,34.32251689872238,34.32251689872238,1178.035166263083,64.42379966609367,8.026443774555059,65.81071796429963,8.112380536211282,77.37942017514114,8.796557291073658,75.72457706272026,8.70198696061539,78.6627344900341,8.8692014572922
2022-09-27,4.4341,25.239999999999974,0.05010850275804537,25.189891497241927,25.189891497241927,634.5306336428212,62.98826045899056,7.93651437716776,64.57162385948565,8.035647071610702,76.63647309994364,8.75422601375722,74.38248702580647,8.624528220477133,77.8295246592513,8.822104321489931
2022-09-28,4.0517,-38.23999999999997,0.02945052003688526,-38.26945052003685,38.26945052003685,1464.5508431055487,61.56812825946823,7.846536067556705,63.466764126049846,7.966603048103366,75.89806914922303,8.711949790329546,73.1501060130295,8.5527835242703,77.11815805708463,8.781694486662847
2022-09-29,4.121,6.930000000000014,0.01857908878211805,6.9114209112178955,6.9114209112178955,47.76773901202,64.42389656406775,8.026449810723776,62.06928968001834,7.8784065444744815,75.14569945314304,8.668661918262993,71.92841361931187,8.481062057272773,76.28185238228033,8.73394826995674
2022-09-30,4.1021,-1.890000000000036,0.01944285659044479,-1.9094428565904809,1.9094428565904809,3.6459720225844157,72.8073317633485,8.532721240222752,60.94403960937752,7.806666356991153,74.3613060782899,8.623300184864835,70.56959643673741,8.400571197051866,75.62640861332451,8.696344554657694
2022-10-03,3.9766,-12.550000000000017,0.01968619356002751,-12.569686193560043,12.569686193560043,157.99701100457398,60.54410697598816,7.7810093802788955,59.775408020107946,7.73145575038155,73.6780618040124,8.583592593082013,69.47478981353555,8.335153856620497,74.95442902599444,8.657622596648253
2022-10-04,3.9036,-7.299999999999995,0.01965685265836819,-7.319656852658364,7.319656852658364,53.577376440668544,46.10008669698075,6.789704463154545,58.68430257207985,7.660568031946446,72.9009905587869,8.538207690070962,68.29148586010102,8.263866277965842,74.20819049601351,8.614417594707927
2022-10-05,4.0527,14.909999999999979,0.01965172700835822,14.89034827299162,14.89034827299162,221.72247169098452,44.20310502766399,6.648541571477461,57.7201529255284,7.59737802965789,72.34134985113032,8.505371823214452,67.19039806907989,8.19697493402779,73.5933324838227,8.578655633828806
2022-10-06,4.2134,16.07000000000003,0.019652622947366853,16.050347377052663,16.050347377052663,257.6136509240613,41.78533144759819,6.464157442977251,56.78367419707158,7.535494290162497,71.66798943474511,8.465694858353041,66.23323610977657,8.138380435306313,72.94345752131143,8.540694206053242
2022-10-07,4.2826,6.920000000000037,0.01965272199968379,6.900347278000353,6.900347278000353,47.614792557006886,40.60782135180401,6.372426645462779,55.77532691673621,7.4682880847444695,70.99510174138186,8.425859109988837,65.08661051855232,8.067627316538136,72.33874275844083,8.505218560298191
2022-10-10,4.5445,26.18999999999998,0.019652696484970082,26.17034730351501,26.17034730351501,684.8870779865953,39.56780451628757,6.29029446975955,54.915493515955085,7.410498870923272,70.44750582026256,8.393301246843375,63.98689397732353,7.999180831642921,71.73830699362965,8.469846928583163
2022-10-11,4.4839,-6.059999999999999,0.01965269483386248,-6.079652694833861,6.079652694833861,36.96217688980063,37.02787322148445,6.085053263652213,53.987558033407666,7.347622610981573,69.96055312815766,8.364242531643715,63.011499381513495,7.937978293086565,71.04368032634588,8.428741325153233
2022-10-12,4.5387,5.480000000000018,0.0196526955229535,5.4603473044770645,5.4603473044770645,29.815392685509945,34.00011421750179,5.830961688907053,53.04878742383122,7.283459852558482,69.40546568349151,8.330994279405761,61.99408417231799,7.873632209616981,70.33003602600645,8.38630049700143
2022-10-13,4.3034,-23.53000000000005,0.019652695542014355,-23.549652695542065,23.549652695542065,554.5861420806516,32.42950328938395,5.694690798400204,52.033397941851035,7.213417909829642,68.80428489809533,8.294834832478301,61.05838977328375,7.813986804012645,69.69026625929718,8.348069612748636
2022-10-14,4.3868,8.340000000000014,0.01965269552422265,8.320347304475792,8.320347304475792,69.22817926709757,31.441853760634142,5.607303608744059,51.14343946091187,7.15146414805471,68.19586003678906,8.258078471217688,60.07701787316589,7.750936580386004,69.09863553439473,8.312558904115791
2022-10-17,4.0661,-32.07000000000004,0.019652695524318142,-32.089652695524364,32.089652695524364,1029.745810119374,30.39207965937054,5.512901201669639,50.309414448929495,7.0929129734495895,67.66035482428379,8.225591457414097,59.27805980711577,7.699224623760224,68.4371969802807,8.272677739419123
2022-10-18,3.9967,-6.939999999999946,0.019652695524758658,-6.959652695524705,6.959652695524705,48.43676564232429,29.575688318509695,5.438353456562905,49.7631493483679,7.054300060840047,67.02363020131884,8.186796088905528,58.513978089118915,7.649442992082425,67.81104331911746,8.234746099250266
2022-10-19,3.9383,-5.840000000000023,0.019652695524742147,-5.859652695524765,5.859652695524765,34.33552971217065,28.83350638518937,5.3696840116704605,49.00868971518306,7.000620666425446,66.54356008353034,8.157423618001602,57.54895604472624,7.586102823237122,67.29386666721099,8.203283895319666
2022-10-20,3.9214,-1.6899999999999693,0.019652695524731693,-1.709652695524701,1.709652695524701,2.9229123393148755,28.200217055465274,5.310387655855764,48.20306175549378,6.942842483845776,66.0544285346663,8.127387559029426,56.81394057859502,7.537502277186722,66.66076043850117,8.164604120133514
2022-10-21,4.1101,18.869999999999987,0.01965269552473244,18.850347304475253,18.850347304475253,355.33559349933745,27.37463210056118,5.232077226165644,47.60116341949336,6.899359638364517,65.51211476799972,8.093955446380942,55.74250932010929,7.466090631656523,65.88686780869425,8.117072613245139
2022-10-24,3.8207,-28.940000000000012,0.019652695524732675,-28.959652695524746,28.959652695524746,838.6614842454137,26.68257161700041,5.165517555579538,46.88578497395393,6.847319546651371,64.86487912789548,8.053873548044784,54.97634229327395,7.414603313278057,65.18241961357096,8.073563006106472
2022-10-25,3.7265,-9.419999999999984,0.01965269552473265,-9.439652695524716,9.439652695524716,89.10704301212704,26.38061249756938,5.136206041191239,46.276413957681626,6.8026769699642236,64.3320533462977,8.020726484944971,54.05198426471435,7.3520054586972625,64.57979650524314,8.036155579955079
2022-10-26,3.6771,-4.940000000000033,0.019652695524732644,-4.959652695524766,4.959652695524766,24.598154860226078,26.003616684792803,5.099374146382358,45.62689062830684,6.754767992189431,63.801344870823726,7.987574404712843,53.45005169669916,7.310954226138963,63.965421675704604,7.9978385627433495
2022-10-27,3.5847,-9.23999999999996,0.019652695524732644,-9.259652695524691,9.259652695524691,85.74116804173768,25.48202495842458,5.047972361099512,44.90918950329227,6.701431899474341,63.23629466321655,7.952125166470693,52.59289416720549,7.2520958465264025,63.399148499859564,7.962358224788656
2022-10-28,3.5362,-4.850000000000021,0.019652695524732644,-4.869652695524754,4.869652695524754,23.7135173750315,25.134795736860788,5.013461452615427,44.29253532802356,6.655263730914317,62.7323343537208,7.920374634682428,51.834314321818916,7.199605150410606,62.81679851991321,7.9257049225865845
2022-10-31,3.6167,8.04999999999998,0.019652695524732644,8.030347304475248,8.030347304475248,64.48647783049287,25.020810035201848,5.0020805706427645,43.77219790761438,6.61605606895939,62.193526432214924,7.886287240027142,51.01295736809413,7.142335568152348,62.378158948987945,7.897984486499574
